Username,password
ZJXC,6Ee.1Wc(
WESL,4Wx&0Qb$
BESS,7Uj&4Xs.
ORTS,"8Nd#1Gh,"
EXRW,4Ub'0Vb-
TSUA,9Kf!2Hv%
YFLE,7Ge(9Bk*
SXZK,5Ih'3Il)
ARBG,0Hf*0Ok+
IPYA,3Ui#4Yo'
VOCB,7Jw(5Cm.
CJYF,9Fi/5Bw+
OBLI,0Sf&6Ho(
TVNN,0En/7Kk*
IAUN,3Ut*4Ec)
AAMJ,9Wk$8Bk'
MYYE,"0Mk""4Co-"
NGJV,1Xc)1Vg%
GZRW,3Uq#4Ir-
ZZFZ,6Ww$8Tu+
NFWO,7Hm+0Ht+
AUMK,"6Gm""7Aw("
SMII,4Bu'8Bc.
FEHA,3Wd-5Tb-
MLOB,6Lv-2Nt#
HEBH,0Qu)6Zc.
PTCG,1Nw%3Ot&
VBNK,6Hu#2Fn/
MILR,"0Io""5Ph,"
GEWC,3Ud-9Gb#
SLWK,"6Dh""6Hp,"
PYXF,"2Hy,5Qr'"
ZXUB,9Gv!3Ef'
DXAA,4Ld'2Xa&
CDNO,"2Ah""1Ek'"
MUBZ,7Jq(6Ti#
WVNC,9Ql(1Oi$
KBNO,7Vg'4Ui.
ODDG,3Hb+2Tq#
GYUE,5Lg*0Fy!
MSWD,4Qo+0Ao(
ZHXJ,7Rn$4Od+
DKUD,"0Jk,5Ng+"
LSJT,1Ah*2By.
QTAQ,9Vk+5Et-
RZHR,0Ex%1Kh%
KHYA,7Zc)0Xz/
FALZ,4Fc(8Ym.
PZJJ,3Ik/3Hb'
FUNZ,6Jb.3Vt-
IZTU,"8Kb'9Kx,"
KLGD,5Yn/6Ff/
CDIY,3Ic)2Fu(
NHWE,"1Lq.0Si"""
WTRA,"5Wo,5Pf$"
PNRQ,0Tg$2Xa+
FBEF,"1Uw/7Ep,"
DDQY,7Nj!9Iy/
ICCF,9Vj'6Ag*
GXLX,1Zs-6Ki&
HPRU,6Qx!7Wt/
HXRS,"3Kh/4Ff"""
PVFE,"1Io,6Db)"
GEHZ,"9Hg(2Yf"""
TGXJ,"0Zk""4Wi/"
GXHV,"8Oa+9Ok"""
QOCQ,2Qs'8Bw$
AJGN,5Tn'7Cy*
DCNE,3Au+1Zi$
VCIF,1Lv/0Hx!
JMWB,"2Ul.7Le,"
HAVK,"2Lf.7Vj,"
QSMM,6Vd/5Ad%
JPZH,9Xe-5Ie/
PRYW,"5Ai'1Cx"""
KJLM,"8Fd,2Nv-"
GEFB,"0Az,4Qr'"
HPBK,7Pv$7Xt(
GIRV,9Ui/5Qy/
INQF,7Fh$1Wx+
EXBM,7Du/3Gw*
MVMP,"0Bi""5Cc*"
URZP,5Eo*6Dz*
FDOK,2Rs'0Ip(
UDFX,4Ti+9Qa$
NDJS,6Jl$3Ep#
ZBBR,7Ar+2So+
KZGO,0Ea/4Sk%
KUCB,"1Uf&8Xf"""
BYRU,2Rl#0Fd(
RFNS,0Oc&8Sn'
LAGR,"9Gx""9Kv%"
RWBD,0Br(6Qr.
KVDF,"0Er,2Nt!"
XELO,8Ql)8Op&
AJXU,8Sf$7Is!
ORPB,1Fp/8Em$
TROS,"0Bc$4Pg"""
ICSG,"3Ks,3Th)"
HNBA,6Dw+5Cf$